item_id,brand_id
1,129
2,80
3,134
4,55
5,146
6,136
7,27
8,159
9,69
10,139
11,11
12,169
13,22
14,35
15,179
16,85
17,60
18,24
19,142
20,117
21,197
22,139
23,179
24,8
25,9
26,30
27,122
28,47
29,122
30,72
31,3
32,161
33,160
34,74
35,109
36,187
37,126
38,4
39,32
40,94
41,131
42,94
43,85
44,30
45,173
46,33
47,169
48,29
49,34
50,175
51,163
52,44
53,199
54,92
55,48
56,170
57,51
58,176
59,64
60,18
61,108
62,137
63,103
64,129
65,107
66,186
67,60
68,123
69,136
70,7
71,18
72,18
73,4
74,75
75,53
76,160
77,153
78,166
79,20
80,121
81,117
82,190
83,102
84,98
85,93
86,66
87,127
88,104
89,151
90,81
91,126
92,43
93,112
94,17
95,107
96,168
97,4
98,120
99,199
100,14
101,166
102,164
103,28
104,51
105,191
106,28
107,141
108,58
109,94
110,73
111,103
112,89
113,3
114,102
115,78
116,169
117,18
118,116
119,107
120,33
121,83
122,34
123,97
124,158
125,82
126,90
127,123
128,11
129,161
130,31
131,135
132,98
133,196
134,77
135,12
136,174
137,117
138,77
139,60
140,65
141,89
142,95
143,186
144,84
145,73
146,90
147,145
148,80
149,190
150,39
151,31
152,123
153,192
154,18
155,81
156,54
157,109
158,115
159,194
160,28
161,13
162,193
163,79
164,195
165,47
166,100
167,94
168,177
169,55
170,143
171,168
172,123
173,190
174,116
175,161
176,52
177,196
178,60
179,139
180,25
181,33
182,70
183,87
184,72
185,170
186,178
187,81
188,78
189,132
190,185
191,13
192,128
193,84
194,150
195,104
196,111
197,93
198,122
199,49
200,154
201,58
202,58
203,19
204,15
205,157
206,194
207,1
208,180
209,17
210,56
211,132
212,24
213,196
214,30
215,18
216,48
217,13
218,33
219,122
220,153
221,163
222,183
223,175
224,131
225,11
226,18
227,49
228,13
229,175
230,155
231,139
232,137
233,119
234,62
235,78
236,44
237,133
238,60
239,74
240,40
241,98
242,66
243,97
244,4
245,177
246,186
247,111
248,195
249,68
250,38
251,12
252,8
253,19
254,80
255,163
256,151
257,47
258,133
259,15
260,99
261,80
262,25
263,66
264,65
265,163
266,95
267,125
268,56
269,26
270,158
271,13
272,55
273,2
274,178
275,185
276,84
277,127
278,91
279,62
280,186
281,61
282,53
283,51
284,60
285,10
286,42
287,175
288,78
289,180
290,176
291,87
292,27
293,90
294,80
295,115
296,7
297,163
298,133
299,80
300,104
301,4
302,3
303,19
304,162
305,65
306,80
307,114
308,11
309,101
310,90
311,63
312,196
313,63
314,99
315,28
316,115
317,27
318,171
319,36
320,177
321,185
322,104
323,120
324,3
325,31
326,171
327,96
328,198
329,66
330,10
331,136
332,125
333,79
334,81
335,49
336,17
337,96
338,181
339,163
340,29
341,179
342,89
343,21
344,120
345,71
346,2
347,24
348,138
349,189
350,103
351,42
352,21
353,136
354,45
355,188
356,45
357,191
358,37
359,38
360,196
361,105
362,75
363,112
364,59
365,80
366,140
367,154
368,50
369,53
370,171
371,11
372,167
373,15
374,57
375,19
376,196
377,62
378,50
379,148
380,62
381,118
382,28
383,111
384,106
385,43
386,137
387,169
388,59
389,153
390,88
391,185
392,138
393,187
394,173
395,193
396,86
397,50
398,185
399,67
400,197
401,9
402,35
403,4
404,116
405,167
406,147
407,141
408,169
409,71
410,32
411,100
412,102
413,35
414,192
415,116
416,114
417,96
418,167
419,102
420,32
421,176
422,121
423,58
424,65
425,132
426,13
427,182
428,195
429,176
430,28
431,30
432,21
433,132
434,158
435,95
436,182
437,52
438,47
439,193
440,83
441,47
442,141
443,140
444,170
445,121
446,191
447,33
448,104
449,12
450,34
451,27
452,77
453,83
454,142
455,187
456,23
457,96
458,197
459,154
460,161
461,165
462,101
463,78
464,144
465,163
466,167
467,100
468,93
469,130
470,190
471,177
472,108
473,38
474,191
475,61
476,125
477,50
478,88
479,132
480,136
481,40
482,178
483,138
484,34
485,49
486,45
487,59
488,13
489,13
490,27
491,9
492,17
493,105
494,46
495,63
496,89
497,139
498,133
499,61
500,189
501,36
502,146
503,198
504,99
505,133
506,194
507,176
508,40
509,70
510,97
511,29
512,40
513,153
514,1
515,93
516,176
517,171
518,25
519,129
520,129
521,121
522,146
523,37
524,98
525,165
526,178
527,36
528,22
529,33
530,150
531,161
532,78
533,46
534,24
535,121
536,161
537,10
538,200
539,90
540,190
541,168
542,58
543,174
544,113
545,61
546,137
547,64
548,148
549,106
550,149
551,186
552,51
553,200
554,34
555,63
556,76
557,192
558,21
559,119
560,129
561,172
562,164
563,2
564,164
565,91
566,80
567,22
568,129
569,143
570,83
571,105
572,17
573,130
574,134
575,93
576,137
577,154
578,145
579,187
580,8
581,61
582,152
583,33
584,115
585,10
586,105
587,159
588,181
589,181
590,195
591,190
592,99
593,99
594,26
595,120
596,151
597,117
598,43
599,159
600,170
601,185
602,140
603,15
604,179
605,95
606,192
607,129
608,182
609,145
610,183
611,141
612,17
613,23
614,173
615,196
616,134
617,32
618,196
619,67
620,4
621,97
622,132
623,151
624,117
625,102
626,93
627,20
628,86
629,89
630,35
631,94
632,157
633,122
634,175
635,79
636,97
637,40
638,126
639,50
640,151
641,4
642,115
643,154
644,60
645,2
646,79
647,51
648,117
649,102
650,89
651,183
652,36
653,8
654,25
655,74
656,191
657,57
658,192
659,86
660,174
661,7
662,123
663,167
664,156
665,191
666,94
667,164
668,85
669,28
670,148
671,61
672,139
673,98
674,123
675,29
676,50
677,120
678,71
679,84
680,17
681,87
682,25
683,184
684,39
685,115
686,181
687,63
688,4
689,56
690,94
691,113
692,156
693,169
694,165
695,103
696,198
697,103
698,113
699,55
700,172
701,65
702,51
703,64
704,191
705,138
706,13
707,72
708,169
709,88
710,198
711,27
712,53
713,126
714,19
715,29
716,126
717,2
718,41
719,120
720,100
721,199
722,131
723,73
724,129
725,168
726,103
727,49
728,186
729,59
730,14
731,135
732,158
733,40
734,67
735,49
736,194
737,97
738,149
739,113
740,96
741,192
742,103
743,3
744,64
745,178
746,44
747,140
748,57
749,196
750,167
751,6
752,37
753,1
754,195
755,96
756,160
757,174
758,89
759,120
760,40
761,28
762,136
763,200
764,148
765,62
766,42
767,183
768,37
769,9
770,27
771,122
772,172
773,87
774,76
775,134
776,57
777,162
778,11
779,87
780,31
781,125
782,102
783,66
784,87
785,177
786,132
787,97
788,140
789,133
790,195
791,137
792,114
793,97
794,129
795,160
796,171
797,126
798,58
799,117
800,138
801,196
802,49
803,124
804,108
805,27
806,134
807,168
808,100
809,123
810,182
811,78
812,9
813,124
814,90
815,12
816,173
817,197
818,105
819,195
820,100
821,131
822,42
823,31
824,97
825,164
826,134
827,88
828,101
829,6
830,92
831,105
832,1
833,104
834,152
835,5
836,106
837,94
838,87
839,4
840,128
841,62
842,73
843,163
844,59
845,87
846,66
847,190
848,100
849,51
850,161
851,183
852,175
853,185
854,48
855,152
856,162
857,35
858,46
859,163
860,115
861,116
862,107
863,1
864,103
865,82
866,183
867,165
868,95
869,151
870,141
871,50
872,198
873,124
874,127
875,191
876,138
877,7
878,185
879,63
880,9
881,52
882,189
883,71
884,176
885,148
886,126
887,50
888,141
889,18
890,124
891,167
892,71
893,108
894,138
895,128
896,157
897,87
898,186
899,46
900,91
901,6
902,150
903,70
904,163
905,168
906,52
907,156
908,8
909,50
910,29
911,35
912,14
913,15
914,42
915,182
916,184
917,140
918,196
919,150
920,145
921,43
922,79
923,5
924,60
925,23
926,14
927,173
928,134
929,56
930,169
931,189
932,106
933,96
934,151
935,143
936,157
937,161
938,67
939,91
940,52
941,172
942,126
943,25
944,47
945,2
946,49
947,110
948,13
949,182
950,141
951,156
952,56
953,192
954,19
955,108
956,11
957,134
958,138
959,103
960,117
961,116
962,180
963,94
964,16
965,172
966,133
967,61
968,94
969,20
970,13
971,147
972,85
973,166
974,50
975,171
976,80
977,53
978,153
979,64
980,2
981,187
982,72
983,123
984,15
985,78
986,168
987,37
988,180
989,107
990,180
991,79
992,121
993,198
994,67
995,112
996,120
997,28
998,75
999,87
1000,66
1001,144
1002,165
1003,89
1004,81
1005,86
1006,144
1007,36
1008,119
1009,53
1010,35
1011,134
1012,153
1013,134
1014,88
1015,42
1016,62
1017,159
1018,199
1019,182
1020,190
1021,91
1022,63
1023,109
1024,67
1025,150
1026,66
1027,186
1028,154
1029,12
1030,104
1031,146
1032,183
1033,163
1034,75
1035,110
1036,141
1037,108
1038,19
1039,1
1040,137
1041,12
1042,158
1043,159
1044,4
1045,71
1046,98
1047,101
1048,99
1049,137
1050,161
1051,167
1052,24
1053,2
1054,171
1055,163
1056,165
1057,199
1058,49
1059,94
1060,162
1061,79
1062,182
1063,20
1064,120
1065,143
1066,82
1067,188
1068,48
1069,34
1070,188
1071,76
1072,197
1073,13
1074,35
1075,42
1076,138
1077,162
1078,165
1079,117
1080,112
1081,84
1082,19
1083,31
1084,186
1085,111
1086,127
1087,61
1088,3
1089,105
1090,171
1091,78
1092,45
1093,53
1094,105
1095,12
1096,164
1097,123
1098,101
1099,97
1100,81
1101,30
1102,80
1103,22
1104,25
1105,71
1106,99
1107,160
1108,184
1109,123
1110,105
1111,198
1112,112
1113,196
1114,130
1115,47
1116,154
1117,150
1118,68
1119,51
1120,80
1121,197
1122,98
1123,107
1124,55
1125,154
1126,29
1127,73
1128,96
1129,34
1130,38
1131,31
1132,9
1133,17
1134,149
1135,162
1136,87
1137,52
1138,173
1139,100
1140,163
1141,97
1142,2
1143,96
1144,190
1145,71
1146,88
1147,17
1148,77
1149,92
1150,70
1151,6
1152,125
1153,86
1154,57
1155,91
1156,13
1157,72
1158,162
1159,33
1160,120
1161,50
1162,143
1163,182
1164,166
1165,105
1166,49
1167,105
1168,133
1169,28
1170,20
1171,37
1172,160
1173,194
1174,17
1175,134
1176,193
1177,141
1178,27
1179,53
1180,132
1181,38
1182,131
1183,23
1184,36
1185,190
1186,122
1187,76
1188,115
1189,138
1190,140
1191,96
1192,167
1193,64
1194,108
1195,13
1196,74
1197,182
1198,4
1199,138
1200,152
1201,178
1202,86
1203,148
1204,90
1205,99
1206,167
1207,146
1208,83
1209,58
1210,153
1211,37
1212,82
1213,125
1214,42
1215,68
1216,48
1217,72
1218,141
1219,40
1220,27
1221,118
1222,81
1223,57
1224,111
1225,87
1226,148
1227,45
1228,49
1229,57
1230,107
1231,3
1232,65
1233,118
1234,121
1235,150
1236,148
1237,65
1238,51
1239,29
1240,184
1241,67
1242,64
1243,80
1244,191
1245,181
1246,144
1247,102
1248,124
1249,155
1250,130
1251,141
1252,193
1253,23
1254,57
1255,172
1256,28
1257,92
1258,51
1259,199
1260,118
1261,83
1262,138
1263,162
1264,57
1265,46
1266,161
1267,175
1268,109
1269,17
1270,4
1271,95
1272,4
1273,44
1274,7
1275,139
1276,120
1277,181
1278,126
1279,53
1280,174
1281,75
1282,87
1283,25
1284,176
1285,147
1286,101
1287,175
1288,175
1289,47
1290,93
1291,55
1292,121
1293,28
1294,56
1295,43
1296,34
1297,31
1298,16
1299,163
1300,141
1301,34
1302,97
1303,76
1304,146
1305,157
1306,83
1307,134
1308,50
1309,24
1310,95
1311,38
1312,49
1313,185
1314,104
1315,175
1316,151
1317,56
1318,20
1319,138
1320,9
1321,142
1322,5
1323,40
1324,86
1325,193
1326,190
1327,152
1328,66
1329,110
1330,157
1331,55
1332,20
1333,170
1334,185
1335,90
1336,198
1337,109
1338,51
1339,59
1340,148
1341,131
1342,144
1343,129
1344,115
1345,161
1346,61
1347,187
1348,29
1349,114
1350,192
1351,94
1352,151
1353,20
1354,46
1355,3
1356,53
1357,184
1358,126
1359,80
1360,64
1361,15
1362,112
1363,145
1364,166
1365,63
1366,143
1367,72
1368,186
1369,181
1370,185
1371,100
1372,103
1373,41
1374,111
1375,182
1376,163
1377,76
1378,133
1379,140
1380,115
1381,51
1382,94
1383,52
1384,79
1385,134
1386,85
1387,87
1388,30
1389,157
1390,77
1391,17
1392,70
1393,47
1394,29
1395,23
1396,126
1397,38
1398,145
1399,195
1400,11
1401,172
1402,63
1403,122
1404,79
1405,22
1406,132
1407,70
1408,122
1409,61
1410,60
1411,99
1412,126
1413,108
1414,142
1415,103
1416,6
1417,1
1418,191
1419,149
1420,73
1421,172
1422,6
1423,143
1424,196
1425,189
1426,177
1427,18
1428,88
1429,47
1430,11
1431,175
1432,166
1433,150
1434,63
1435,104
1436,185
1437,172
1438,168
1439,21
1440,52
1441,44
1442,143
1443,70
1444,42
1445,146
1446,112
1447,11
1448,84
1449,7
1450,171
1451,164
1452,137
1453,149
1454,85
1455,175
1456,55
1457,82
1458,104
1459,11
1460,108
1461,50
1462,75
1463,6
1464,107
1465,114
1466,77
1467,78
1468,68
1469,82
1470,151
1471,187
1472,2
1473,17
1474,18
1475,69
1476,86
1477,20
1478,16
1479,106
1480,136
1481,186
1482,88
1483,182
1484,157
1485,94
1486,193
1487,100
1488,152
1489,82
1490,122
1491,24
1492,41
1493,6
1494,60
1495,168
1496,179
1497,146
1498,57
1499,60
1500,145
1501,167
1502,63
1503,148
1504,120
1505,169
1506,191
1507,13
1508,84
1509,111
1510,128
1511,50
1512,176
1513,135
1514,32
1515,88
1516,144
1517,153
1518,174
1519,193
1520,63
1521,58
1522,86
1523,158
1524,49
1525,178
1526,68
1527,75
1528,103
1529,132
1530,116
1531,142
1532,103
1533,104
1534,79
1535,162
1536,159
1537,155
1538,91
1539,191
1540,40
1541,40
1542,59
1543,100
1544,68
1545,183
1546,126
1547,54
1548,103
1549,75
1550,133
1551,127
1552,192
1553,18
1554,60
1555,98
1556,34
1557,154
1558,74
1559,101
1560,170
1561,46
1562,57
1563,63
1564,43
1565,140
1566,171
1567,163
1568,114
1569,115
1570,36
1571,88
1572,79
1573,132
1574,41
1575,50
1576,111
1577,152
1578,176
1579,106
1580,137
1581,184
1582,89
1583,132
1584,85
1585,80
1586,184
1587,65
1588,141
1589,78
1590,7
1591,89
1592,74
1593,154
1594,158
1595,82
1596,72
1597,42
1598,125
1599,163
1600,174
1601,137
1602,194
1603,185
1604,138
1605,39
1606,4
1607,139
1608,186
1609,106
1610,8
1611,37
1612,123
1613,6
1614,110
1615,183
1616,144
1617,142
1618,120
1619,112
1620,123
1621,61
1622,43
1623,47
1624,83
1625,173
1626,48
1627,70
1628,43
1629,23
1630,136
1631,65
1632,153
1633,109
1634,43
1635,92
1636,155
1637,111
1638,80
1639,179
1640,75
1641,112
1642,74
1643,33
1644,117
1645,135
1646,106
1647,34
1648,10
1649,25
1650,61
1651,153
1652,76
1653,143
1654,159
1655,56
1656,22
1657,173
1658,116
1659,76
1660,120
1661,140
1662,199
1663,2
1664,194
1665,58
1666,97
1667,76
1668,162
1669,106
1670,56
1671,43
1672,104
1673,77
1674,143
1675,58
1676,193
1677,96
1678,58
1679,163
1680,197
1681,17
1682,192
1683,58
1684,143
1685,90
1686,97
1687,160
1688,149
1689,29
1690,4
1691,45
1692,79
1693,58
1694,100
1695,3
1696,191
1697,166
1698,139
1699,189
1700,109
1701,160
1702,118
1703,33
1704,59
1705,115
1706,98
1707,61
1708,74
1709,7
1710,78
1711,12
1712,15
1713,76
1714,81
1715,183
1716,67
1717,194
1718,65
1719,160
1720,191
1721,123
1722,87
1723,172
1724,86
1725,4
1726,5
1727,64
1728,179
1729,6
1730,47
1731,186
1732,8
1733,181
1734,4
1735,140
1736,4
1737,18
1738,111
1739,149
1740,12
1741,148
1742,18
1743,76
1744,123
1745,182
1746,115
1747,60
1748,46
1749,108
1750,79
1751,154
1752,45
1753,68
1754,107
1755,113
1756,119
1757,99
1758,98
1759,192
1760,97
1761,172
1762,79
1763,108
1764,155
1765,17
1766,81
1767,19
1768,47
1769,90
1770,49
1771,48
1772,171
1773,78
1774,159
1775,197
1776,77
1777,199
1778,194
1779,113
1780,73
1781,63
1782,158
1783,39
1784,144
1785,64
1786,127
1787,57
1788,154
1789,101
1790,81
1791,135
1792,34
1793,153
1794,81
1795,178
1796,23
1797,197
1798,128
1799,119
1800,154
1801,126
1802,43
1803,22
1804,115
1805,27
1806,172
1807,151
1808,30
1809,51
1810,72
1811,9
1812,94
1813,140
1814,125
1815,59
1816,88
1817,125
1818,112
1819,155
1820,79
1821,91
1822,98
1823,140
1824,109
1825,49
1826,140
1827,164
1828,113
1829,155
1830,6
1831,180
1832,152
1833,90
1834,43
1835,197
1836,119
1837,135
1838,114
1839,82
1840,191
1841,17
1842,61
1843,97
1844,157
1845,172
1846,48
1847,126
1848,143
1849,1
1850,159
1851,185
1852,119
1853,127
1854,13
1855,165
1856,153
1857,38
1858,107
1859,4
1860,148
1861,36
1862,128
1863,178
1864,111
1865,187
1866,163
1867,33
1868,135
1869,13
1870,88
1871,70
1872,126
1873,54
1874,51
1875,178
1876,122
1877,25
1878,136
1879,128
1880,100
1881,163
1882,59
1883,128
1884,165
1885,158
1886,114
1887,27
1888,183
1889,130
1890,64
1891,194
1892,140
1893,27
1894,116
1895,175
1896,122
1897,157
1898,5
1899,58
1900,173
1901,52
1902,151
1903,139
1904,22
1905,120
1906,126
1907,88
1908,88
1909,15
1910,8
1911,108
1912,69
1913,152
1914,97
1915,62
1916,126
1917,81
1918,2
1919,162
1920,35
1921,66
1922,61
1923,46
1924,165
1925,43
1926,119
1927,172
1928,149
1929,193
1930,153
1931,7
1932,57
1933,151
1934,125
1935,44
1936,53
1937,54
1938,174
1939,19
1940,57
1941,2
1942,105
1943,176
1944,118
1945,109
1946,95
1947,3
1948,77
1949,36
1950,94
1951,112
1952,57
1953,186
1954,153
1955,29
1956,39
1957,13
1958,13
1959,155
1960,166
1961,75
1962,22
1963,171
1964,163
1965,58
1966,198
1967,62
1968,140
1969,66
1970,168
1971,13
1972,138
1973,12
1974,171
1975,35
1976,165
1977,92
1978,165
1979,15
1980,135
1981,171
1982,30
1983,175
1984,41
1985,50
1986,118
1987,41
1988,16
1989,101
1990,143
1991,11
1992,46
1993,168
1994,52
1995,35
1996,56
1997,43
1998,23
1999,132
2000,117
2001,160
2002,118
2003,178
2004,26
2005,113
2006,142
2007,41
2008,6
2009,46
2010,48
2011,177
2012,173
2013,199
2014,199
2015,139
2016,49
2017,184
2018,62
2019,19
2020,154
2021,181
2022,74
2023,144
2024,14
2025,74
2026,105
2027,185
2028,12
2029,89
2030,42
2031,183
2032,186
2033,83
2034,22
2035,171
2036,160
2037,65
2038,31
2039,158
2040,23
2041,172
2042,30
2043,51
2044,153
2045,98
2046,84
2047,140
2048,157
2049,90
2050,163
2051,198
2052,139
2053,50
2054,180
2055,126
2056,113
2057,157
2058,156
2059,24
2060,35
2061,135
2062,4
2063,150
2064,172
2065,28
2066,98
2067,53
2068,5
2069,122
2070,55
2071,177
2072,155
2073,15
2074,66
2075,194
2076,85
2077,39
2078,102
2079,5
2080,156
2081,13
2082,31
2083,75
2084,107
2085,169
2086,50
2087,63
2088,143
2089,14
2090,12
2091,67
2092,108
2093,176
2094,159
2095,156
2096,113
2097,200
2098,13
2099,147
2100,140
2101,169
2102,160
2103,6
2104,184
2105,114
2106,92
2107,164
2108,36
2109,12
2110,21
2111,144
2112,129
2113,18
2114,34
2115,188
2116,185
2117,186
2118,60
2119,88
2120,4
2121,7
2122,144
2123,72
2124,75
2125,149
2126,129
2127,67
2128,112
2129,129
2130,103
2131,50
2132,44
2133,52
2134,130
2135,124
2136,68
2137,198
2138,75
2139,196
2140,159
2141,88
2142,27
2143,95
2144,150
2145,180
2146,22
2147,60
2148,90
2149,82
2150,22
2151,24
2152,118
2153,43
2154,195
2155,99
2156,83
2157,106
2158,21
2159,136
2160,61
2161,171
2162,131
2163,115
2164,184
2165,33
2166,193
2167,126
2168,126
2169,157
2170,9
2171,11
2172,48
2173,134
2174,62
2175,119
2176,186
2177,22
2178,79
2179,103
2180,107
2181,195
2182,103
2183,94
2184,109
2185,160
2186,165
2187,100
2188,12
2189,183
2190,68
2191,114
2192,38
2193,89
2194,169
2195,120
2196,10
2197,151
2198,45
2199,65
2200,130
2201,85
2202,142
2203,124
2204,194
2205,141
2206,86
2207,127
2208,157
2209,200
2210,81
2211,162
2212,162
2213,94
2214,171
2215,154
2216,157
2217,172
2218,21
2219,140
2220,187
2221,199
2222,125
2223,62
2224,4
2225,122
2226,179
2227,84
2228,192
2229,104
2230,55
2231,112
2232,165
2233,66
2234,180
2235,190
2236,48
2237,157
2238,78
2239,73
2240,71
2241,41
2242,32
2243,182
2244,98
2245,173
2246,2
2247,46
2248,129
2249,122
2250,47
2251,46
2252,57
2253,15
2254,182
2255,198
2256,36
2257,124
2258,120
2259,199
2260,181
2261,17
2262,121
2263,81
2264,89
2265,191
2266,90
2267,134
2268,155
2269,108
2270,93
2271,8
2272,94
2273,79
2274,80
2275,44
2276,46
2277,12
2278,33
2279,131
2280,97
2281,63
2282,107
2283,101
2284,28
2285,174
2286,82
2287,135
2288,128
2289,157
2290,34
2291,45
2292,49
2293,67
2294,100
2295,147
2296,125
2297,52
2298,68
2299,66
2300,8
2301,45
2302,39
2303,149
2304,79
2305,142
2306,98
2307,189
2308,162
2309,1
2310,44
2311,141
2312,63
2313,120
2314,86
2315,7
2316,33
2317,39
2318,42
2319,173
2320,188
2321,59
2322,152
2323,105
2324,179
2325,179
2326,143
2327,140
2328,129
2329,2
2330,133
2331,189
2332,13
2333,113
2334,141
2335,25
2336,131
2337,194
2338,76
2339,100
2340,100
2341,80
2342,19
2343,32
2344,32
2345,136
2346,95
2347,117
2348,8
2349,62
2350,141
2351,116
2352,57
2353,178
2354,57
2355,135
2356,25
2357,63
2358,198
2359,8
2360,8
2361,151
2362,44
2363,12
2364,55
2365,22
2366,172
2367,165
2368,37
2369,72
2370,185
2371,81
2372,95
2373,59
2374,74
2375,129
2376,97
2377,136
2378,95
2379,74
2380,182
2381,49
2382,158
2383,60
2384,38
2385,66
2386,10
2387,21
2388,110
2389,101
2390,108
2391,32
2392,126
2393,76
2394,182
2395,198
2396,113
2397,181
2398,58
2399,116
2400,55
2401,180
2402,41
2403,112
2404,27
2405,193
2406,155
2407,98
2408,59
2409,89
2410,53
2411,3
2412,104
2413,26
2414,43
2415,9
2416,127
2417,63
2418,176
2419,144
2420,128
2421,5
2422,58
2423,125
2424,39
2425,88
2426,6
2427,95
2428,194
2429,72
2430,104
2431,77
2432,137
2433,100
2434,188
2435,45
2436,152
2437,48
2438,100
2439,9
2440,178
2441,57
2442,85
2443,108
2444,32
2445,81
2446,105
2447,134
2448,145
2449,101
2450,48
2451,195
2452,190
2453,40
2454,166
2455,72
2456,36
2457,83
2458,74
2459,32
2460,137
2461,174
2462,168
2463,162
2464,170
2465,178
2466,33
2467,47
2468,77
2469,100
2470,32
2471,15
2472,97
2473,156
2474,89
2475,29
2476,21
2477,85
2478,112
2479,54
2480,27
2481,151
2482,139
2483,77
2484,127
2485,95
2486,182
2487,86
2488,130
2489,190
2490,179
2491,148
2492,128
2493,14
2494,101
2495,52
2496,56
2497,190
2498,76
2499,68
2500,103
2501,37
2502,129
2503,184
2504,136
2505,65
2506,156
2507,140
2508,158
2509,43
2510,193
2511,14
2512,31
2513,98
2514,164
2515,70
2516,155
2517,66
2518,5
2519,73
2520,92
2521,102
2522,90
2523,76
2524,129
2525,189
2526,109
2527,5
2528,109
2529,69
2530,45
2531,123
2532,106
2533,72
2534,169
2535,26
2536,165
2537,160
2538,55
2539,107
2540,61
2541,84
2542,167
2543,61
2544,13
2545,162
2546,169
2547,158
2548,54
2549,67
2550,78
2551,150
2552,55
2553,79
2554,85
2555,42
2556,114
2557,135
2558,48
2559,154
2560,179
2561,124
2562,20
2563,158
2564,132
2565,177
2566,124
2567,116
2568,111
2569,45
2570,126
2571,56
2572,117
2573,178
2574,98
2575,191
2576,169
2577,155
2578,165
2579,78
2580,75
2581,165
2582,116
2583,46
2584,165
2585,81
2586,39
2587,133
2588,141
2589,77
2590,169
2591,6
2592,113
2593,27
2594,30
2595,176
2596,132
2597,78
2598,186
2599,114
2600,143
2601,115
2602,99
2603,171
2604,7
2605,124
2606,45
2607,134
2608,106
2609,121
2610,151
2611,154
2612,107
2613,55
2614,159
2615,155
2616,87
2617,146
2618,39
2619,117
2620,59
2621,153
2622,132
2623,192
2624,26
2625,54
2626,72
2627,88
2628,106
2629,139
2630,195
2631,177
2632,167
2633,123
2634,170
2635,44
2636,171
2637,193
2638,79
2639,41
2640,185
2641,40
2642,129
2643,200
2644,58
2645,107
2646,131
2647,47
2648,61
2649,195
2650,35
2651,56
2652,77
2653,134
2654,104
2655,17
2656,80
2657,31
2658,36
2659,1
2660,65
2661,32
2662,83
2663,65
2664,162
2665,71
2666,185
2667,113
2668,4
2669,189
2670,84
2671,144
2672,79
2673,156
2674,156
2675,66
2676,140
2677,139
2678,69
2679,143
2680,48
2681,43
2682,40
2683,55
2684,151
2685,106
2686,188
2687,150
2688,119
2689,75
2690,17
2691,45
2692,170
2693,189
2694,124
2695,198
2696,8
2697,36
2698,66
2699,2
2700,113
2701,156
2702,21
2703,27
2704,191
2705,188
2706,29
2707,146
2708,153
2709,33
2710,196
2711,48
2712,26
2713,48
2714,122
2715,26
2716,96
2717,153
2718,176
2719,192
2720,155
2721,192
2722,133
2723,17
2724,16
2725,73
2726,81
2727,15
2728,121
2729,181
2730,12
2731,103
2732,29
2733,86
2734,19
2735,83
2736,79
2737,47
2738,12
2739,102
2740,173
2741,140
2742,35
2743,98
2744,81
2745,185
2746,70
2747,138
2748,91
2749,106
2750,189
2751,82
2752,170
2753,96
2754,159
2755,169
2756,92
2757,41
2758,63
2759,140
2760,175
2761,170
2762,111
2763,3
2764,129
2765,111
2766,94
2767,83
2768,70
2769,7
2770,6
2771,74
2772,126
2773,144
2774,121
2775,23
2776,83
2777,135
2778,68
2779,198
2780,198
2781,35
2782,122
2783,5
2784,169
2785,88
2786,68
2787,35
2788,125
2789,102
2790,71
2791,79
2792,128
2793,51
2794,160
2795,19
2796,25
2797,199
2798,88
2799,44
2800,37
2801,100
2802,199
2803,43
2804,138
2805,52
2806,118
2807,46
2808,200
2809,25
2810,84
2811,194
2812,87
2813,107
2814,82
2815,15
2816,41
2817,120
2818,198
2819,58
2820,21
2821,129
2822,34
2823,11
2824,2
2825,158
2826,120
2827,14
2828,99
2829,13
2830,73
2831,17
2832,63
2833,109
2834,133
2835,33
2836,112
2837,147
2838,106
2839,38
2840,130
2841,134
2842,1
2843,149
2844,30
2845,100
2846,130
2847,63
2848,65
2849,120
2850,175
2851,63
2852,193
2853,68
2854,184
2855,13
2856,103
2857,87
2858,188
2859,112
2860,160
2861,145
2862,18
2863,152
2864,87
2865,65
2866,141
2867,15
2868,70
2869,102
2870,148
2871,102
2872,18
2873,66
2874,168
2875,58
2876,161
2877,183
2878,124
2879,177
2880,23
2881,41
2882,163
2883,143
2884,16
2885,151
2886,199
2887,96
2888,176
2889,111
2890,166
2891,40
2892,185
2893,31
2894,100
2895,145
2896,98
2897,50
2898,74
2899,161
2900,178
2901,159
2902,156
2903,12
2904,18
2905,144
2906,66
2907,34
2908,65
2909,148
2910,37
2911,168
2912,159
2913,112
2914,80
2915,77
2916,122
2917,191
2918,32
2919,200
2920,132
2921,35
2922,65
2923,41
2924,117
2925,123
2926,143
2927,12
2928,31
2929,151
2930,139
2931,142
2932,98
2933,178
2934,113
2935,62
2936,109
2937,173
2938,127
2939,18
2940,121
2941,134
2942,18
2943,51
2944,84
2945,140
2946,105
2947,140
2948,117
2949,145
2950,49
2951,138
2952,37
2953,61
2954,159
2955,96
2956,115
2957,120
2958,32
2959,93
2960,187
2961,197
2962,128
2963,44
2964,39
2965,65
2966,148
2967,152
2968,47
2969,142
2970,136
2971,93
2972,186
2973,147
2974,36
2975,198
2976,82
2977,138
2978,13
2979,157
2980,103
2981,47
2982,17
2983,31
2984,160
2985,153
2986,80
2987,2
2988,53
2989,98
2990,155
2991,21
2992,136
2993,159
2994,81
2995,100
2996,47
2997,145
2998,140
2999,192
3000,25
3001,60
3002,119
3003,51
3004,146
3005,71
3006,51
3007,87
3008,101
3009,103
3010,46
3011,63
3012,92
3013,100
3014,89
3015,7
3016,106
3017,168
3018,104
3019,12
3020,175
3021,174
3022,103
3023,173
3024,97
3025,161
3026,42
3027,137
3028,10
3029,70
3030,199
3031,117
3032,135
3033,105
3034,183
3035,121
3036,54
3037,7
3038,86
3039,169
3040,64
3041,53
3042,117
3043,157
3044,125
3045,72
3046,120
3047,63
3048,73
3049,149
3050,109
3051,136
3052,136
3053,186
3054,6
3055,185
3056,118
3057,123
3058,76
3059,158
3060,193
3061,6
3062,6
3063,59
3064,126
3065,57
3066,77
3067,55
3068,48
3069,108
3070,97
3071,71
3072,178
3073,161
3074,175
3075,153
3076,23
3077,23
3078,29
3079,199
3080,172
3081,162
3082,183
3083,162
3084,173
3085,19
3086,57
3087,134
3088,92
3089,25
3090,139
3091,119
3092,34
3093,52
3094,184
3095,70
3096,15
3097,46
3098,177
3099,190
3100,35
3101,187
3102,46
3103,178
3104,32
3105,152
3106,104
3107,80
3108,25
3109,161
3110,177
3111,156
3112,26
3113,67
3114,199
3115,90
3116,129
3117,71
3118,194
3119,70
3120,100
3121,132
3122,51
3123,38
3124,10
3125,101
3126,142
3127,107
3128,76
3129,24
3130,195
3131,56
3132,36
3133,3
3134,2
3135,46
3136,102
3137,79
3138,86
3139,71
3140,13
3141,194
3142,139
3143,18
3144,122
3145,80
3146,12
3147,118
3148,63
3149,176
3150,87
3151,36
3152,11
3153,5
3154,185
3155,121
3156,50
3157,29
3158,9
3159,3
3160,44
3161,116
3162,24
3163,87
3164,118
3165,105
3166,92
3167,148
3168,141
3169,77
3170,32
3171,15
3172,129
3173,29
3174,98
3175,97
3176,181
3177,106
3178,82
3179,173
3180,131
3181,185
3182,30
3183,119
3184,128
3185,106
3186,57
3187,45
3188,186
3189,122
3190,6
3191,74
3192,125
3193,189
3194,46
3195,153
3196,183
3197,190
3198,181
3199,4
3200,49
3201,13
3202,190
3203,67
3204,147
3205,122
3206,79
3207,105
3208,49
3209,195
3210,197
3211,197
3212,87
3213,119
3214,56
3215,120
3216,140
3217,45
3218,179
3219,63
3220,161
3221,180
3222,140
3223,80
3224,136
3225,52
3226,49
3227,190
3228,176
3229,86
3230,97
3231,137
3232,15
3233,61
3234,22
3235,128
3236,115
3237,143
3238,61
3239,88
3240,103
3241,143
3242,10
3243,73
3244,117
3245,134
3246,24
3247,191
3248,83
3249,87
3250,14
3251,51
3252,109
3253,160
3254,153
3255,5
3256,124
3257,94
3258,30
3259,135
3260,94
3261,113
3262,34
3263,91
3264,73
3265,177
3266,71
3267,70
3268,134
3269,62
3270,192
3271,184
3272,42
3273,7
3274,36
3275,117
3276,163
3277,44
3278,146
3279,187
3280,53
3281,147
3282,136
3283,94
3284,24
3285,1
3286,172
3287,160
3288,26
3289,27
3290,150
3291,2
3292,92
3293,141
3294,174
3295,162
3296,145
3297,87
3298,50
3299,64
3300,69
3301,168
3302,34
3303,48
3304,68
3305,80
3306,4
3307,164
3308,109
3309,101
3310,96
3311,49
3312,78
3313,180
3314,84
3315,197
3316,18
3317,72
3318,188
3319,88
3320,133
3321,177
3322,193
3323,153
3324,137
3325,79
3326,140
3327,77
3328,119
3329,192
3330,163
3331,61
3332,134
3333,114
3334,84
3335,124
3336,40
3337,174
3338,111
3339,80
3340,48
3341,165
3342,14
3343,59
3344,176
3345,144
3346,63
3347,102
3348,123
3349,123
3350,111
3351,59
3352,38
3353,200
3354,141
3355,121
3356,120
3357,143
3358,93
3359,199
3360,1
3361,183
3362,108
3363,163
3364,114
3365,87
3366,155
3367,182
3368,51
3369,76
3370,48
3371,17
3372,17
3373,122
3374,52
3375,178
3376,186
3377,59
3378,103
3379,47
3380,53
3381,20
3382,91
3383,29
3384,26
3385,183
3386,54
3387,189
3388,183
3389,6
3390,94
3391,29
3392,63
3393,191
3394,130
3395,177
3396,49
3397,157
3398,94
3399,132
3400,30
3401,56
3402,42
3403,107
3404,151
3405,169
3406,36
3407,143
3408,118
3409,121
3410,27
3411,13
3412,133
3413,78
3414,167
3415,152
3416,111
3417,50
3418,147
3419,42
3420,88
3421,193
3422,163
3423,38
3424,138
3425,108
3426,150
3427,97
3428,187
3429,3
3430,153
3431,135
3432,51
3433,133
3434,152
3435,63
3436,172
3437,156
3438,3
3439,195
3440,139
3441,184
3442,175
3443,172
3444,140
3445,178
3446,88
3447,135
3448,186
3449,108
3450,149
3451,66
3452,77
3453,149
3454,63
3455,29
3456,93
3457,96
3458,119
3459,9
3460,167
3461,70
3462,43
3463,25
3464,184
3465,16
3466,86
3467,167
3468,102
3469,141
3470,48
3471,82
3472,35
3473,110
3474,14
3475,162
3476,160
3477,86
3478,7
3479,40
3480,144
3481,155
3482,196
3483,14
3484,188
3485,101
3486,136
3487,96
3488,44
3489,191
3490,175
3491,186
3492,112
3493,14
3494,196
3495,99
3496,195
3497,113
3498,6
3499,117
3500,136
3501,44
3502,156
3503,5
3504,171
3505,172
3506,53
3507,144
3508,159
3509,150
3510,39
3511,26
3512,49
3513,64
3514,60
3515,132
3516,5
3517,13
3518,57
3519,53
3520,77
3521,182
3522,146
3523,120
3524,77
3525,119
3526,159
3527,164
3528,83
3529,131
3530,23
3531,29
3532,105
3533,179
3534,69
3535,119
3536,110
3537,155
3538,113
3539,84
3540,24
3541,93
3542,144
3543,198
3544,105
3545,191
3546,104
3547,14
3548,200
3549,170
3550,173
3551,59
3552,139
3553,118
3554,105
3555,128
3556,17
3557,171
3558,192
3559,132
3560,100
3561,183
3562,29
3563,198
3564,163
3565,5
3566,47
3567,197
3568,107
3569,61
3570,91
3571,39
3572,70
3573,68
3574,93
3575,158
3576,71
3577,178
3578,166
3579,113
3580,21
3581,35
3582,136
3583,167
3584,135
3585,179
3586,134
3587,124
3588,173
3589,82
3590,94
3591,79
3592,101
3593,45
3594,121
3595,132
3596,52
3597,181
3598,98
3599,6
3600,40
3601,136
3602,4
3603,22
3604,177
3605,58
3606,73
3607,149
3608,165
3609,44
3610,71
3611,78
3612,21
3613,97
3614,43
3615,137
3616,185
3617,113
3618,170
3619,30
3620,100
3621,119
3622,80
3623,43
3624,138
3625,153
3626,88
3627,164
3628,186
3629,26
3630,86
3631,83
3632,154
3633,97
3634,89
3635,95
3636,72
3637,41
3638,172
3639,170
3640,102
3641,19
3642,60
3643,192
3644,128
3645,126
3646,114
3647,160
3648,113
3649,186
3650,181
3651,75
3652,27
3653,80
3654,200
3655,49
3656,142
3657,9
3658,9
3659,161
3660,49
3661,62
3662,113
3663,178
3664,75
3665,57
3666,39
3667,15
3668,136
3669,191
3670,164
3671,130
3672,8
3673,54
3674,9
3675,125
3676,138
3677,200
3678,124
3679,132
3680,141
3681,165
3682,25
3683,199
3684,28
3685,190
3686,32
3687,19
3688,89
3689,4
3690,74
3691,12
3692,168
3693,28
3694,88
3695,59
3696,82
3697,55
3698,111
3699,46
3700,104
3701,14
3702,161
3703,123
3704,32
3705,174
3706,23
3707,165
3708,92
3709,60
3710,159
3711,26
3712,152
3713,125
3714,93
3715,109
3716,21
3717,75
3718,132
3719,67
3720,1
3721,127
3722,80
3723,196
3724,84
3725,187
3726,32
3727,23
3728,191
3729,2
3730,126
3731,163
3732,76
3733,179
3734,123
3735,125
3736,193
3737,43
3738,41
3739,114
3740,31
3741,181
3742,194
3743,25
3744,89
3745,191
3746,127
3747,43
3748,127
3749,105
3750,50
3751,184
3752,175
3753,30
3754,62
3755,4
3756,130
3757,93
3758,115
3759,193
3760,89
3761,97
3762,153
3763,50
3764,142
3765,80
3766,190
3767,5
3768,159
3769,30
3770,175
3771,87
3772,88
3773,12
3774,108
3775,4
3776,49
3777,144
3778,186
3779,180
3780,16
3781,86
3782,151
3783,46
3784,166
3785,169
3786,128
3787,119
3788,118
3789,81
3790,58
3791,83
3792,125
3793,195
3794,116
3795,109
3796,147
3797,20
3798,21
3799,122
3800,83
3801,55
3802,164
3803,105
3804,35
3805,26
3806,103
3807,179
3808,84
3809,184
3810,13
3811,22
3812,187
3813,183
3814,152
3815,192
3816,105
3817,1
3818,23
3819,25
3820,88
3821,128
3822,89
3823,19
3824,70
3825,191
3826,43
3827,192
3828,193
3829,155
3830,125
3831,56
3832,11
3833,92
3834,27
3835,41
3836,153
3837,179
3838,131
3839,12
3840,21
3841,177
3842,41
3843,41
3844,157
3845,110
3846,122
3847,182
3848,147
3849,22
3850,183
3851,123
3852,65
3853,182
3854,56
3855,35
3856,172
3857,150
3858,17
3859,151
3860,76
3861,107
3862,41
3863,160
3864,136
3865,116
3866,99
3867,197
3868,186
3869,128
3870,173
3871,124
3872,45
3873,159
3874,19
3875,14
3876,84
3877,123
3878,33
3879,110
3880,62
3881,96
3882,61
3883,11
3884,24
3885,100
3886,177
3887,146
3888,158
3889,172
3890,114
3891,77
3892,12
3893,172
3894,158
3895,48
3896,57
3897,23
3898,111
3899,73
3900,169
3901,113
3902,15
3903,192
3904,157
3905,47
3906,172
3907,146
3908,86
3909,58
3910,148
3911,128
3912,147
3913,122
3914,125
3915,57
3916,62
3917,65
3918,165
3919,17
3920,24
3921,120
3922,53
3923,59
3924,163
3925,106
3926,190
3927,187
3928,156
3929,160
3930,132
3931,100
3932,103
3933,92
3934,129
3935,171
3936,41
3937,139
3938,83
3939,17
3940,195
3941,90
3942,108
3943,28
3944,8
3945,190
3946,112
3947,27
3948,164
3949,18
3950,2
3951,83
3952,45
3953,155
3954,97
3955,124
3956,127
3957,51
3958,11
3959,110
3960,64
3961,162
3962,17
3963,70
3964,188
3965,68
3966,125
3967,193
3968,185
3969,119
3970,122
3971,79
3972,116
3973,59
3974,61
3975,195
3976,108
3977,97
3978,200
3979,57
3980,197
3981,200
3982,89
3983,179
3984,86
3985,58
3986,68
3987,135
3988,167
3989,62
3990,194
3991,13
3992,191
3993,67
3994,194
3995,187
3996,54
3997,22
3998,166
3999,174
4000,187
4001,173
4002,25
4003,21
4004,68
4005,32
4006,66
4007,118
4008,105
4009,54
4010,161
4011,174
4012,137
4013,119
4014,148
4015,127
4016,88
4017,176
4018,97
4019,188
4020,134
4021,114
4022,44
4023,75
4024,70
4025,176
4026,51
4027,27
4028,50
4029,158
4030,72
4031,18
4032,1
4033,199
4034,40
4035,27
4036,89
4037,106
4038,61
4039,128
4040,118
4041,195
4042,73
4043,184
4044,67
4045,135
4046,198
4047,146
4048,98
4049,43
4050,10
4051,112
4052,195
4053,108
4054,28
4055,126
4056,117
4057,74
4058,185
4059,131
4060,150
4061,117
4062,72
4063,19
4064,106
4065,18
4066,171
4067,76
4068,135
4069,108
4070,63
4071,78
4072,187
4073,187
4074,187
4075,5
4076,133
4077,159
4078,161
4079,164
4080,109
4081,129
4082,120
4083,63
4084,136
4085,46
4086,97
4087,172
4088,42
4089,165
4090,177
4091,76
4092,199
4093,152
4094,82
4095,197
4096,68
4097,41
4098,174
4099,109
4100,141
4101,98
4102,25
4103,10
4104,169
4105,40
4106,1
4107,63
4108,7
4109,198
4110,95
4111,48
4112,51
4113,134
4114,65
4115,76
4116,170
4117,112
4118,23
4119,134
4120,84
4121,43
4122,54
4123,173
4124,37
4125,165
4126,117
4127,32
4128,153
4129,200
4130,7
4131,3
4132,134
4133,5
4134,57
4135,6
4136,61
4137,122
4138,155
4139,24
4140,119
4141,126
4142,17
4143,7
4144,23
4145,108
4146,151
4147,27
4148,167
4149,152
4150,113
4151,55
4152,154
4153,102
4154,101
4155,154
4156,84
4157,26
4158,88
4159,160
4160,198
4161,73
4162,199
4163,109
4164,43
4165,140
4166,98
4167,93
4168,54
4169,43
4170,183
4171,194
4172,145
4173,87
4174,99
4175,183
4176,76
4177,130
4178,102
4179,181
4180,74
4181,179
4182,81
4183,85
4184,128
4185,132
4186,135
4187,132
4188,106
4189,178
4190,92
4191,37
4192,170
4193,148
4194,114
4195,106
4196,169
4197,61
4198,128
4199,131
4200,167
4201,126
4202,166
4203,40
4204,13
4205,34
4206,167
4207,33
4208,95
4209,68
4210,188
4211,98
4212,23
4213,118
4214,109
4215,36
4216,140
4217,60
4218,5
4219,141
4220,54
4221,81
4222,99
4223,173
4224,150
4225,108
4226,18
4227,120
4228,51
4229,152
4230,60
4231,98
4232,178
4233,81
4234,69
4235,171
4236,170
4237,17
4238,99
4239,151
4240,183
4241,144
4242,171
4243,30
4244,110
4245,162
4246,15
4247,169
4248,34
4249,69
4250,150
4251,133
4252,100
4253,128
4254,117
4255,57
4256,180
4257,82
4258,145
4259,41
4260,69
4261,104
4262,41
4263,129
4264,96
4265,17
4266,19
4267,156
4268,112
4269,172
4270,146
4271,101
4272,181
4273,25
4274,54
4275,12
4276,81
4277,1
4278,125
4279,85
4280,39
4281,187
4282,56
4283,186
4284,5
4285,127
4286,138
4287,33
4288,76
4289,141
4290,109
4291,61
4292,17
4293,99
4294,186
4295,144
4296,62
4297,199
4298,184
4299,75
4300,162
4301,142
4302,48
4303,181
4304,120
4305,99
4306,91
4307,148
4308,35
4309,37
4310,134
4311,121
4312,142
4313,112
4314,60
4315,47
4316,101
4317,66
4318,98
4319,47
4320,19
4321,31
4322,78
4323,67
4324,103
4325,127
4326,104
4327,126
4328,105
4329,97
4330,22
4331,77
4332,146
4333,95
4334,195
4335,141
4336,143
4337,96
4338,158
4339,2
4340,190
4341,98
4342,140
4343,7
4344,162
4345,100
4346,115
4347,49
4348,4
4349,193
4350,74
4351,123
4352,188
4353,31
4354,13
4355,44
4356,91
4357,180
4358,118
4359,26
4360,138
4361,82
4362,60
4363,66
4364,115
4365,107
4366,7
4367,181
4368,195
4369,189
4370,36
4371,115
4372,40
4373,28
4374,112
4375,170
4376,144
4377,81
4378,38
4379,51
4380,28
4381,165
4382,144
4383,111
4384,149
4385,176
4386,94
4387,129
4388,148
4389,106
4390,41
4391,135
4392,79
4393,112
4394,102
4395,94
4396,179
4397,92
4398,62
4399,107
4400,160
4401,114
4402,103
4403,75
4404,187
4405,48
4406,140
4407,149
4408,88
4409,170
4410,168
4411,64
4412,89
4413,81
4414,129
4415,99
4416,16
4417,121
4418,14
4419,138
4420,24
4421,198
4422,160
4423,108
4424,84
4425,1
4426,65
4427,71
4428,28
4429,199
4430,116
4431,62
4432,197
4433,136
4434,70
4435,142
4436,198
4437,184
4438,16
4439,4
4440,158
4441,192
4442,58
4443,95
4444,191
4445,148
4446,101
4447,84
4448,69
4449,122
4450,72
4451,52
4452,184
4453,112
4454,179
4455,165
4456,103
4457,71
4458,127
4459,184
4460,46
4461,152
4462,98
4463,97
4464,10
4465,125
4466,136
4467,161
4468,97
4469,151
4470,197
4471,59
4472,73
4473,147
4474,99
4475,170
4476,17
4477,51
4478,22
4479,123
4480,83
4481,182
4482,68
4483,7
4484,160
4485,14
4486,78
4487,133
4488,76
4489,179
4490,159
4491,84
4492,153
4493,184
4494,101
4495,19
4496,161
4497,141
4498,147
4499,155
4500,60
4501,61
4502,110
4503,109
4504,110
4505,126
4506,63
4507,153
4508,14
4509,179
4510,119
4511,156
4512,180
4513,17
4514,9
4515,106
4516,143
4517,139
4518,94
4519,117
4520,199
4521,123
4522,57
4523,14
4524,15
4525,188
4526,142
4527,30
4528,61
4529,58
4530,92
4531,113
4532,18
4533,90
4534,183
4535,111
4536,116
4537,64
4538,175
4539,138
4540,24
4541,35
4542,155
4543,12
4544,111
4545,146
4546,158
4547,72
4548,10
4549,77
4550,77
4551,42
4552,9
4553,20
4554,58
4555,69
4556,169
4557,93
4558,68
4559,74
4560,104
4561,26
4562,84
4563,44
4564,197
4565,106
4566,180
4567,53
4568,173
4569,61
4570,3
4571,78
4572,2
4573,98
4574,99
4575,113
4576,27
4577,11
4578,69
4579,168
4580,16
4581,75
4582,195
4583,192
4584,112
4585,146
4586,163
4587,93
4588,154
4589,125
4590,4
4591,15
4592,29
4593,189
4594,6
4595,156
4596,194
4597,18
4598,38
4599,56
4600,145
4601,145
4602,125
4603,4
4604,167
4605,43
4606,73
4607,43
4608,8
4609,32
4610,19
4611,145
4612,96
4613,117
4614,196
4615,176
4616,32
4617,50
4618,77
4619,130
4620,124
4621,13
4622,190
4623,166
4624,56
4625,10
4626,68
4627,129
4628,131
4629,115
4630,167
4631,107
4632,125
4633,88
4634,48
4635,52
4636,51
4637,184
4638,173
4639,158
4640,160
4641,39
4642,122
4643,198
4644,57
4645,160
4646,181
4647,38
4648,123
4649,91
4650,36
4651,108
4652,123
4653,100
4654,151
4655,183
4656,197
4657,30
4658,47
4659,19
4660,80
4661,61
4662,182
4663,44
4664,41
4665,37
4666,157
4667,197
4668,81
4669,114
4670,18
4671,83
4672,126
4673,170
4674,81
4675,141
4676,156
4677,92
4678,17
4679,166
4680,139
4681,128
4682,69
4683,93
4684,104
4685,61
4686,140
4687,69
4688,113
4689,31
4690,81
4691,177
4692,11
4693,41
4694,100
4695,47
4696,185
4697,16
4698,180
4699,176
4700,31
4701,193
4702,152
4703,34
4704,84
4705,87
4706,33
4707,61
4708,8
4709,107
4710,140
4711,137
4712,10
4713,90
4714,194
4715,174
4716,147
4717,106
4718,106
4719,23
4720,193
4721,190
4722,62
4723,155
4724,110
4725,88
4726,20
4727,12
4728,81
4729,9
4730,156
4731,84
4732,184
4733,179
4734,183
4735,64
4736,46
4737,9
4738,19
4739,132
4740,137
4741,129
4742,20
4743,20
4744,172
4745,71
4746,43
4747,199
4748,66
4749,156
4750,179
4751,63
4752,73
4753,191
4754,189
4755,5
4756,131
4757,126
4758,150
4759,115
4760,196
4761,181
4762,71
4763,159
4764,44
4765,154
4766,13
4767,72
4768,78
4769,189
4770,180
4771,12
4772,104
4773,58
4774,3
4775,85
4776,199
4777,71
4778,149
4779,11
4780,135
4781,162
4782,191
4783,168
4784,101
4785,118
4786,153
4787,24
4788,176
4789,7
4790,128
4791,173
4792,17
4793,174
4794,28
4795,100
4796,5
4797,32
4798,18
4799,39
4800,28
4801,42
4802,157
4803,149
4804,102
4805,61
4806,157
4807,111
4808,101
4809,156
4810,192
4811,135
4812,39
4813,13
4814,37
4815,42
4816,177
4817,66
4818,27
4819,47
4820,35
4821,21
4822,66
4823,23
4824,52
4825,57
4826,15
4827,147
4828,30
4829,73
4830,174
4831,99
4832,56
4833,195
4834,155
4835,87
4836,151
4837,86
4838,26
4839,55
4840,13
4841,14
4842,161
4843,21
4844,170
4845,65
4846,8
4847,194
4848,194
4849,73
4850,39
4851,28
4852,134
4853,80
4854,107
4855,197
4856,108
4857,17
4858,19
4859,64
4860,192
4861,11
4862,41
4863,85
4864,89
4865,198
4866,107
4867,146
4868,62
4869,23
4870,104
4871,164
4872,151
4873,184
4874,111
4875,110
4876,88
4877,164
4878,49
4879,26
4880,196
4881,148
4882,84
4883,77
4884,53
4885,199
4886,80
4887,53
4888,100
4889,38
4890,86
4891,50
4892,93
4893,19
4894,122
4895,23
4896,17
4897,131
4898,65
4899,147
4900,92
4901,89
4902,13
4903,123
4904,83
4905,144
4906,24
4907,7
4908,81
4909,31
4910,192
4911,104
4912,169
4913,179
4914,99
4915,133
4916,67
4917,161
4918,71
4919,120
4920,200
4921,119
4922,100
4923,182
4924,154
4925,180
4926,176
4927,99
4928,196
4929,53
4930,200
4931,184
4932,181
4933,147
4934,115
4935,144
4936,171
4937,193
4938,31
4939,66
4940,186
4941,138
4942,28
4943,110
4944,59
4945,145
4946,192
4947,153
4948,181
4949,26
4950,138
4951,14
4952,85
4953,111
4954,49
4955,123
4956,163
4957,4
4958,16
4959,148
4960,99
4961,47
4962,85
4963,45
4964,57
4965,35
4966,182
4967,154
4968,70
4969,123
4970,163
4971,161
4972,101
4973,176
4974,123
4975,150
4976,132
4977,141
4978,180
4979,50
4980,38
4981,197
4982,101
4983,52
4984,104
4985,150
4986,55
4987,157
4988,184
4989,73
4990,43
4991,150
4992,34
4993,42
4994,164
4995,85
4996,196
4997,86
4998,33
4999,2
5000,70
